"123 heures","123 heures.avi",D:/Films
"20 ans d'écart","20 ans d'écart.avi",D:/Films
"2012 Le Jugement Dernier","2012 Le Jugement Dernier.avi",D:/Films
2012,2012.avi,D:/Films
"2033 Future Apocalypse","2033 Future Apocalypse.avi",D:/Films
"28 Jours Plus Tard","28 Jours Plus Tard.avi",D:/Films
"28 Semaines Plus Tard","28 Semaines Plus Tard.mkv",D:/Films
"300 -  {HD 720p}","300 -  {HD 720p}.avi",D:/Films
"4 mariages et un enterrement","4 mariages et un enterrement.avi",D:/Films
"40 ans  mode d'emploi","40 ans  mode d'emploi.avi",D:/Films
"40 ans toujours puceau","40 ans toujours puceau.avi",D:/Films
50-50,50-50.avi,D:/Films
"7 vies","7 vies.avi",D:/Films
99F,99F.avi,D:/Films
"A serious man [CD1]","A serious man [CD1].avi",D:/Films
"A serious man [CD2]","A serious man [CD2].avi",D:/Films
"A vos marques","A vos marques.mp4",D:/Films
"AO le dernier Neandertal","AO le dernier Neandertal.avi",D:/Films
"Abraham Lincoln chasseur de Vampires","Abraham Lincoln chasseur de Vampires.avi",D:/Films
Adventureland,Adventureland.avi,D:/Films
"Adèle Blanc-Sec","Adèle Blanc-Sec.avi",D:/Films
Affamés,Affamés.avi,D:/Films
"After Earth","After Earth.avi",D:/Films
"Aigle De Fer 2","Aigle De Fer 2.avi",D:/Films
"Aigle de fer 1","Aigle de fer 1.avi",D:/Films
"Aigle de fer 3","Aigle de fer 3.avi",D:/Films
"Alice au Pays des Merveilles -  {HD 720p}","Alice au Pays des Merveilles -  {HD 720p}.mkv",D:/Films
"Alien 1","Alien 1.avi",D:/Films
"Alien 2 - le retour","Alien 2 - le retour.avi",D:/Films
"Alien 3","Alien 3.avi",D:/Films
"Alien 4 - Résurrection","Alien 4 - Résurrection.avi",D:/Films
"Alien Invaders","Alien Invaders.avi",D:/Films
"Alpha & Omega","Alpha & Omega.avi",D:/Films
"Alpha Dog","Alpha Dog.avi",D:/Films
Amelia,Amelia.avi,D:/Films
"American Beauty","American Beauty.avi",D:/Films
"American Gangster - {HD 720p}","American Gangster - {HD 720p}.mkv",D:/Films
"American Pie 1","American Pie 1.avi",D:/Films
"American Pie 2","American Pie 2.avi",D:/Films
"American Pie 3 - Marrions-les","American Pie 3 - Marrions-les.avi",D:/Films
"American Pie 4 - No Limit !","American Pie 4 - No Limit !.avi",D:/Films
"American Pie 5 - String Academy","American Pie 5 - String Academy.avi",D:/Films
"American Pie 6 - Beta House","American Pie 6 - Beta House.avi",D:/Films
"American Pie 7 - La Bible du Sexe","American Pie 7 - La Bible du Sexe.avi",D:/Films
"Angelique et le Roi ","Angelique et le Roi .avi",D:/Films
"Angelique et le Sultan","Angelique et le Sultan.avi",D:/Films
"Angelique marquise des anges","Angelique marquise des anges.avi",D:/Films
"Anges et démons","Anges et démons.avi",D:/Films
"Angélique - Indomptable Angelique","Angélique - Indomptable Angelique.avi",D:/Films
"Angélique 3","Angélique 3.iso",D:/Films
"Animaux et Compagnie","Animaux et Compagnie.avi",D:/Films
"Apocalypse Now - {HD 720p}","Apocalypse Now - {HD 720p}.mkv",D:/Films
Apocalypto,Apocalypto.avi,D:/Films
"Arizona Dream","Arizona Dream.mkv",D:/Films
Armageddon,Armageddon.avi,D:/Films
"Arsène Lupin","Arsène Lupin.avi",D:/Films
"Arthur et la vengeance de Maltazard","Arthur et la vengeance de Maltazard.avi",D:/Films
"Asterix et Obelix Mission Cléopatre","Asterix et Obelix Mission Cléopatre.avi",D:/Films
"Au nom du père","Au nom du père.avi",D:/Films
Au-delà,Au-delà.avi,D:/Films
"Avatar - (Version Longue) {HD 1080p}","Avatar - (Version Longue) {HD 1080p}.mkv",D:/Films
"BURN-E (Court métrage Pixars)","BURN-E (Court métrage Pixars).mkv",D:/Films
Baby-Sittor,Baby-Sittor.avi,D:/Films
"Babylon AD","Babylon AD.avi",D:/Films
"Bad Boys II","Bad Boys II.avi",D:/Films
"Bad Boys","Bad Boys.avi",D:/Films
"Bad Teacher","Bad Teacher.avi",D:/Films
"Bangkok Dangerous","Bangkok Dangerous.mp4",D:/Films
"Banlieue 13 Ultimatum","Banlieue 13 Ultimatum.avi",D:/Films
"Batman - (1989 Tim Burton)","Batman - (1989 Tim Burton).avi",D:/Films
"Batman - The dark knight","Batman - The dark knight.avi",D:/Films
"Batman Begins","Batman Begins.avi",D:/Films
"Batman Le défi","Batman Le défi.avi",D:/Films
"Batman The Dark Knight Rises","Batman The Dark Knight Rises.mkv",D:/Films
Battleship,Battleship.avi,D:/Films
"Be Cool","Be Cool.avi",D:/Films
Beastly,Beastly.avi,D:/Films
"Benjamin Gates et le Livre des Secrets","Benjamin Gates et le Livre des Secrets.avi",D:/Films
"Benjamin Gates et le trésor des Templiers","Benjamin Gates et le trésor des Templiers.avi",D:/Films
"Bienvenue chez les Robinson","Bienvenue chez les Robinson.avi",D:/Films
"Bienvenue à Bord","Bienvenue à Bord.avi",D:/Films
"Bienvenue à Gattaca","Bienvenue à Gattaca.avi",D:/Films
"Bilbo le Hobbit I","Bilbo le Hobbit I.avi",D:/Films
"Bitch Slap","Bitch Slap.avi",D:/Films
"Black Swan","Black Swan.avi",D:/Films
Black-White,Black-White.avi,D:/Films
"Blade 1","Blade 1.avi",D:/Films
"Blade 2","Blade 2.avi",D:/Films
"Blade 3 - Trinity","Blade 3 - Trinity.avi",D:/Films
"Blade Runner (Director's Cut)","Blade Runner (Director's Cut).mkv",D:/Films
"Blanche Neige et le chasseur [CD1]","Blanche Neige et le chasseur [CD1].avi",D:/Films
"Blanche Neige et le chasseur [CD2]","Blanche Neige et le chasseur [CD2].avi",D:/Films
"Blindés [CD1]","Blindés [CD1].avi",D:/Films
"Blindés [CD2].avi","Blindés [CD2].avi.avi",D:/Films
Bliss,Bliss.avi,D:/Films
Blow,Blow.avi,D:/Films
"Blue Crush","Blue Crush.avi",D:/Films
Blueberry,Blueberry.avi,D:/Films
"Bon à Tirer","Bon à Tirer.avi",D:/Films
"Border Run","Border Run.avi",D:/Films
"Born to race","Born to race.avi",D:/Films
"Boule et Bill","Boule et Bill.avi",D:/Films
"Braquage à l'anglaise - {HD 720p}","Braquage à l'anglaise - {HD 720p}.mkv",D:/Films
"Burn After Reading -  {HD 720p}","Burn After Reading -  {HD 720p}.mkv",D:/Films
"Bébé mode d'emploi","Bébé mode d'emploi.avi",D:/Films
Caligula,Caligula.avi,D:/Films
Camping,Camping.avi,D:/Films
"Cannibal Holocaust","Cannibal Holocaust.avi",D:/Films
"Capitaine Orgasmo","Capitaine Orgasmo.avi",D:/Films
"Captain America","Captain America.avi",D:/Films
"Captain Phillips","Captain Phillips.avi",D:/Films
"Cars 2","Cars 2.avi",D:/Films
"Cars- {HD 720p}","Cars- {HD 720p}.mkv",D:/Films
"Case Depart","Case Depart.avi",D:/Films
Catwoman,Catwoman.avi,D:/Films
"Ce que veulent les femmes","Ce que veulent les femmes.avi",D:/Films
Cellular,Cellular.avi,D:/Films
Chaos,Chaos.avi,D:/Films
"Charlie et la chocolaterie","Charlie et la chocolaterie.avi",D:/Films
"Charlie les filles lui disent merci","Charlie les filles lui disent merci.avi",D:/Films
"Cheval de guerre","Cheval de guerre.avi",D:/Films
Chronicle,Chronicle.avi,D:/Films
Cineman,Cineman.avi,D:/Films
Clones,Clones.avi,D:/Films
"Closer, entre adultes consentants","Closer, entre adultes consentants.avi",D:/Films
"Cloud Atlas","Cloud Atlas.avi",D:/Films
Cloverfield,Cloverfield.avi,D:/Films
"Coast guards","Coast guards.avi",D:/Films
"Coco avant Chanel","Coco avant Chanel.avi",D:/Films
Coco,Coco.avi,D:/Films
"Code 77","Code 77.avi",D:/Films
Collateral,Collateral.avi,D:/Films
"Comme chiens et chats","Comme chiens et chats.avi",D:/Films
"Comme un lion","Comme un lion.avi",D:/Films
"Confessions d'une accro au shopping","Confessions d'une accro au shopping.avi",D:/Films
Constantine,Constantine.avi,D:/Films
Contagion,Contagion.avi,D:/Films
"Course à la Mort","Course à la Mort.avi",D:/Films
"Cowboys et envahisseurs","Cowboys et envahisseurs.avi",D:/Films
"Croc Blanc","Croc Blanc.avi",D:/Films
"Cry Baby","Cry Baby.avi",D:/Films
"Dark Shadows","Dark Shadows.avi",D:/Films
"Date Limite","Date Limite.avi",D:/Films
"Day Breakers","Day Breakers.avi",D:/Films
Daylight,Daylight.avi,D:/Films
"De père en flic","De père en flic.avi",D:/Films
"Dead Man Talking","Dead Man Talking.avi",D:/Films
"Dead Man","Dead Man.avi",D:/Films
"Death Race 2 - {HD 720p}","Death Race 2 - {HD 720p}.mkv",D:/Films
"Desperado 2","Desperado 2.AVI",D:/Films
"Destination finale 4","Destination finale 4.avi",D:/Films
"Die Hard 1 - Piège de cristal","Die Hard 1 - Piège de cristal.avi",D:/Films
"Die Hard 2 - 58 minutes pour vivre","Die Hard 2 - 58 minutes pour vivre.avi",D:/Films
"Die Hard 3 - Une journée en enfer","Die Hard 3 - Une journée en enfer.avi",D:/Films
"Die Hard 4 - retour en enfer","Die Hard 4 - retour en enfer.avi",D:/Films
"District 9 - {HD 1080p}","District 9 - {HD 1080p}.mkv",D:/Films
"Django [CD1]","Django [CD1].avi",D:/Films
"Django [CD2]","Django [CD2].avi",D:/Films
Dracula,Dracula.avi,D:/Films
"Dragon wars","Dragon wars.avi",D:/Films
"Dragons - {HD 720p}","Dragons - {HD 720p}.mkv",D:/Films
"Dream House","Dream House.avi",D:/Films
Drive,Drive.avi,D:/Films
Dune,Dune.avi,D:/Films
"Easy Rider","Easy Rider.avi",D:/Films
Effraction,Effraction.avi,D:/Films
"Elephant Man","Elephant Man.avi",D:/Films
Elysium,Elysium.avi,D:/Films
"Entretien avec un vampire","Entretien avec un vampire.avi",D:/Films
"Envoyes Tres Speciaux","Envoyes Tres Speciaux.avi",D:/Films
Epic,Epic.avi,D:/Films
"Equilibrium - {HD 720p}","Equilibrium - {HD 720p}.mkv",D:/Films
"Erin Brockovich - seule contre tous","Erin Brockovich - seule contre tous.avi",D:/Films
"Erreur de la banque en votre faveur","Erreur de la banque en votre faveur.avi",D:/Films
"Escape From planet Hearth","Escape From planet Hearth.avi",D:/Films
Eva,Eva.avi,D:/Films
Evolution,Evolution.avi,D:/Films
"Extra terrien (court métrage)","Extra terrien (court métrage).mkv",D:/Films
"Far Away [CD 2]","Far Away [CD 2].avi",D:/Films
"Far Away [CD1]","Far Away [CD1].avi",D:/Films
Farinelli,Farinelli.avi,D:/Films
"Fast & furious","Fast & furious.avi",D:/Films
"Fast and Furious 4","Fast and Furious 4.avi",D:/Films
"Fast and Furious 5","Fast and Furious 5.avi",D:/Films
"Fast and Furious 6","Fast and Furious 6.avi",D:/Films
"Fast and furious 2","Fast and furious 2.avi",D:/Films
"Fast and furious 3 - Tokyo drift","Fast and furious 3 - Tokyo drift.avi",D:/Films
"Fight Club -  {HD 720p}","Fight Club -  {HD 720p}.mkv",D:/Films
Flubber,Flubber.avi,D:/Films
Fourmiz,Fourmiz.avi,D:/Films
"Free Birds","Free Birds.avi",D:/Films
"From Paris with love","From Paris with love.avi",D:/Films
"Fréquence Interdite","Fréquence Interdite.avi",D:/Films
G-force,G-force.avi,D:/Films
"G.I Joe - The rise of Cobra","G.I Joe - The rise of Cobra.avi",D:/Films
"Gamer - Ultimate Game","Gamer - Ultimate Game.avi",D:/Films
"Gladiator -  {HD 1080p}","Gladiator -  {HD 1080p}.mkv",D:/Films
"Gnomeo et Juliette - {HD 720p}","Gnomeo et Juliette - {HD 720p}.mkv",D:/Films
Godzilla,Godzilla.avi,D:/Films
"Gomorra [CD1]","Gomorra [CD1].avi",D:/Films
"Gomorra [CD2]","Gomorra [CD2].avi",D:/Films
"Good Bye Lenin","Good Bye Lenin.mkv",D:/Films
"Good Morning England","Good Morning England.avi",D:/Films
"Good morning Vietnam","Good morning Vietnam.avi",D:/Films
Gravity,Gravity.avi,D:/Films
"Hancock -  {HD 720p}","Hancock -  {HD 720p}.mkv",D:/Films
"Hansel et Gretel chasseurs de sorcières","Hansel et Gretel chasseurs de sorcières.avi",D:/Films
"Hanté par ses Ex","Hanté par ses Ex.avi",D:/Films
"Harry Potter 5 - et l'Ordre du Phénix -  {HD 720p}","Harry Potter 5 - et l'Ordre du Phénix -  {HD 720p}.mkv",D:/Films
"Harry Potter 6 - et le Prince de Sang mélé - {HD 1080p}","Harry Potter 6 - et le Prince de Sang mélé - {HD 1080p}.mkv",D:/Films
"Harry Potter et les reliques de la mort [1]","Harry Potter et les reliques de la mort [1].avi",D:/Films
"Harry Potter et les reliques de la mort [2]","Harry Potter et les reliques de la mort [2].avi",D:/Films
Hercule,Hercule.avi,D:/Films
HidAlgo,HidAlgo.avi,D:/Films
"Histoire d'O","Histoire d'O.avi",D:/Films
"History Of Violence","History Of Violence.mkv",D:/Films
Hitch,Hitch.avi,D:/Films
"Hook ou la Revanche du Capitaine Crochet ","Hook ou la Revanche du Capitaine Crochet .avi",D:/Films
"Hors de contrôle","Hors de contrôle.avi",D:/Films
"Hot Fuzz","Hot Fuzz.avi",D:/Films
"Hot Shot 1","Hot Shot 1.avi",D:/Films
"Hot Shots 2","Hot Shots 2.avi",D:/Films
"Hotel Transylvania","Hotel Transylvania.avi",D:/Films
"Hulk 2 - L'incroyable Hulk","Hulk 2 - L'incroyable Hulk.avi",D:/Films
Hulk,Hulk.avi,D:/Films
"I Robot -  {HD 720p}","I Robot -  {HD 720p}.avi",D:/Films
"I love you Phillip Morris","I love you Phillip Morris.avi",D:/Films
Igor,Igor.avi,D:/Films
"Il faut sauver le soldat Ryan","Il faut sauver le soldat Ryan.avi",D:/Films
"Il reste du jambon","Il reste du jambon.avi",D:/Films
"Ils se marièrent et eurent beaucoup d'enfants","Ils se marièrent et eurent beaucoup d'enfants.avi",D:/Films
Immortel,Immortel.avi,D:/Films
Inception,Inception.avi,D:/Films
Incognito,Incognito.avi,D:/Films
"Independence Day","Independence Day.avi",D:/Films
"Inglorious Basterd - {HD 1080p}","Inglorious Basterd - {HD 1080p}.mkv",D:/Films
Insaisissables,Insaisissables.mp4,D:/Films
"Inspecteur Gadget","Inspecteur Gadget.avi",D:/Films
Intouchable,Intouchable.avi,D:/Films
Invictus,Invictus.avi,D:/Films
"Iron Man 2","Iron Man 2.avi",D:/Films
"Iron Man 3","Iron Man 3.avi",D:/Films
"Iron man 1","Iron man 1.avi",D:/Films
Jack,Jack.avi,D:/Films
Jappeloup,Jappeloup.avi,D:/Films
"Jarhead - {HD 720p}","Jarhead - {HD 720p}.mkv",D:/Films
"Je Suis Une Légende -  {HD 720p}","Je Suis Une Légende -  {HD 720p}.avi",D:/Films
"Je suis Numéro 4","Je suis Numéro 4.avi",D:/Films
"Jeux d'enfants","Jeux d'enfants.avi",D:/Films
"John Carter","John Carter.avi",D:/Films
"Johnny English le retour","Johnny English le retour.avi",D:/Films
Jonah,Jonah.avi,D:/Films
"Joyeuses Funérailles","Joyeuses Funérailles.avi",D:/Films
"Jurassic Park I -  {HD 720p}","Jurassic Park I -  {HD 720p}.mkv",D:/Films
"Jurassic Park II -  {HD 720p}","Jurassic Park II -  {HD 720p}.mkv",D:/Films
"Jurassic Park III -  {HD 720p}","Jurassic Park III -  {HD 720p}.mkv",D:/Films
"Just Married (ou presque)","Just Married (ou presque).avi",D:/Films
"Karate Kid 2010","Karate Kid 2010.avi",D:/Films
"Kick-Ass - {HD 720p}","Kick-Ass - {HD 720p}.mkv",D:/Films
"Kick-Ass 2","Kick-Ass 2.avi",D:/Films
"Kill Bill - Volume 1 -  {HD 720p}","Kill Bill - Volume 1 -  {HD 720p}.mkv",D:/Films
"Kill Bill - Volume 1 - {HD 720p}","Kill Bill - Volume 1 - {HD 720p}.srt",D:/Films
"Kill Bill - Volume 2 -  {HD 720p}","Kill Bill - Volume 2 -  {HD 720p}.mkv",D:/Films
"King Kong","King Kong.avi",D:/Films
"Kingdom of Heaven","Kingdom of Heaven.avi",D:/Films
"Kiss Kiss Bang Bang - {HD 1080p}","Kiss Kiss Bang Bang - {HD 1080p}.mkv",D:/Films
"Knight and Day","Knight and Day.avi",D:/Films
"Kung Fu Panda - {HD 1080p}","Kung Fu Panda - {HD 1080p}.mkv",D:/Films
"Kung Fu Panda 2","Kung Fu Panda 2.avi",D:/Films
"L'Age De Glace 1 - {HD 1080p}","L'Age De Glace 1 - {HD 1080p}.mkv",D:/Films
"L'Age De Glace 2 - {HD 1080p}","L'Age De Glace 2 - {HD 1080p}.mkv",D:/Films
"L'Age De Glace 3 -  {HD 1080p}","L'Age De Glace 3 -  {HD 1080p}.mkv",D:/Films
"L'Agence Tous Risques - {HD 720p}","L'Agence Tous Risques - {HD 720p}.mkv",D:/Films
"L'Attaque du métro 123 -  {HD 720p}","L'Attaque du métro 123 -  {HD 720p}.mkv",D:/Films
"L'Etrange Pouvoir de Norman","L'Etrange Pouvoir de Norman.mkv",D:/Films
"L'Imaginarium du Docteur Parnassus","L'Imaginarium du Docteur Parnassus.avi",D:/Films
"L'Odyssée de Pi","L'Odyssée de Pi.avi",D:/Films
"L'Oeil du Mal -  {HD 720p}","L'Oeil du Mal -  {HD 720p}.mkv",D:/Films
"L'apprenti Pere Noel","L'apprenti Pere Noel.avi",D:/Films
"L'aprenti sorcier","L'aprenti sorcier.avi",D:/Films
L'arnacoeur,L'arnacoeur.avi,D:/Films
"L'auberge rouge","L'auberge rouge.avi",D:/Films
"L'emmerdeur (1973)","L'emmerdeur (1973).mkv",D:/Films
L'italien,L'italien.avi,D:/Films
"L'Âge des Dragons","L'Âge des Dragons.avi",D:/Films
"L'âge de glace 4 - la dérive des continents","L'âge de glace 4 - la dérive des continents.avi",D:/Films
"L'élève Ducobu","L'élève Ducobu.avi",D:/Films
"L'étrange Noël de Monsieur Jack","L'étrange Noël de Monsieur Jack.avi",D:/Films
"La 7eme compagnie 3 - La 7ème compagnie au clair de lune","La 7eme compagnie 3 - La 7ème compagnie au clair de lune.avi",D:/Films
"La 7ème compagnie 1 - Mais où est donc passée la 7 ème Compagnie","La 7ème compagnie 1 - Mais où est donc passée la 7 ème Compagnie.avi",D:/Films
"La 7ème compagnie 2 - On a retrouvé la 7 ème compagnie","La 7ème compagnie 2 - On a retrouvé la 7 ème compagnie.avi",D:/Films
"La Croisiere","La Croisiere.avi",D:/Films
"La Guerre des Mondes","La Guerre des Mondes.avi",D:/Films
"La Momie 1","La Momie 1.avi",D:/Films
"La Momie 2 - Le Retour De La Momie","La Momie 2 - Le Retour De La Momie.avi",D:/Films
"La Momie 3 - Le Roi Scorpion","La Momie 3 - Le Roi Scorpion.avi",D:/Films
"La Mort dans la Peau - {HD 1080p}","La Mort dans la Peau - {HD 1080p}.avi",D:/Films
"La Mémoire dans la Peau -  {HD 720p}","La Mémoire dans la Peau -  {HD 720p}.mkv",D:/Films
"La Nuit au Musée 2","La Nuit au Musée 2.avi",D:/Films
"La Nuit au Musée [CD1]","La Nuit au Musée [CD1].avi",D:/Films
"La Nuit au Musée [CD2]","La Nuit au Musée [CD2].avi",D:/Films
"La Planete des Singes les origines","La Planete des Singes les origines.avi",D:/Films
"La Planète des Singes - {HD 1080p}","La Planète des Singes - {HD 1080p}.mkv",D:/Films
"La Princesse et la Grenouille","La Princesse et la Grenouille.avi",D:/Films
"La Traque","La Traque.avi",D:/Films
"La Vengeance dans la Peau -  {HD 720p}","La Vengeance dans la Peau -  {HD 720p}.mkv",D:/Films
"La cité de dieu","La cité de dieu.avi",D:/Films
"La cité de la peur","La cité de la peur.avi",D:/Films
"La cité des enfants perdus","La cité des enfants perdus.aVi",D:/Films
"La guerre des boutons (2011)","La guerre des boutons (2011).avi",D:/Films
"La merditude des choses","La merditude des choses.avi",D:/Films
"La route","La route.avi",D:/Films
"La souris","La souris.avi",D:/Films
"La vrai vie des profs","La vrai vie des profs.avi",D:/Films
"La-Haut - {HD 1080p}","La-Haut - {HD 1080p}.mkv",D:/Films
"Largo Winch II - {HD 720p}","Largo Winch II - {HD 720p}.mkv",D:/Films
"Largo Winch","Largo Winch.avi",D:/Films
"Las Vegas 21","Las Vegas 21.avi",D:/Films
"Las Vegas Parano","Las Vegas Parano.avi",D:/Films
"Last Vegas","Last Vegas.mkv",D:/Films
"Lawrence d'Arabie","Lawrence d'Arabie.avi",D:/Films
"Le Bon, la Brute et le Truand","Le Bon, la Brute et le Truand.avi",D:/Films
"Le Bruit des glaçons","Le Bruit des glaçons.avi",D:/Films
"Le Chat Potté","Le Chat Potté.avi",D:/Films
"Le Choc des Titans - {HD 720p}","Le Choc des Titans - {HD 720p}.avi",D:/Films
"Le Cinquième Élément","Le Cinquième Élément.avi",D:/Films
"Le Dernier Pub Avant la Fin du Monde - {HD 1080p}","Le Dernier Pub Avant la Fin du Monde - {HD 1080p}.mkv",D:/Films
"Le Dernier Samourai","Le Dernier Samourai.avi",D:/Films
"Le Discours dun roi","Le Discours dun roi.avi",D:/Films
"Le Fabuleux Destin d'Amelie Poulain","Le Fabuleux Destin d'Amelie Poulain.avi",D:/Films
"Le Flic De Beverly Hills 1","Le Flic De Beverly Hills 1.avi",D:/Films
"Le Flic De Beverly Hills 2 ","Le Flic De Beverly Hills 2 .avi",D:/Films
"Le Flic De Beverly Hills 3","Le Flic De Beverly Hills 3.avi",D:/Films
"Le Lorax","Le Lorax.avi",D:/Films
"Le Mac","Le Mac.avi",D:/Films
"Le Majordome","Le Majordome.mkv",D:/Films
"Le Monde Perdu","Le Monde Perdu.avi",D:/Films
"Le Monde fantastique d'Oz","Le Monde fantastique d'Oz.avi",D:/Films
"Le Prestige","Le Prestige.avi",D:/Films
"Le Royaume de Ga'Hoole - la légende des gardiens","Le Royaume de Ga'Hoole - la légende des gardiens.avi",D:/Films
"Le Secret de Brokeback Mountain","Le Secret de Brokeback Mountain.avi",D:/Films
"Le Seigneur des Anneaux III - Le Retour du Roi - (Version longue)","Le Seigneur des Anneaux III - Le Retour du Roi - (Version longue).mkv",D:/Films
"Le Silence des Agneaux","Le Silence des Agneaux.avi",D:/Films
"Le Terminal","Le Terminal.avi",D:/Films
"Le Vilain","Le Vilain.avi",D:/Films
"Le coach","Le coach.avi",D:/Films
"Le dernier des Mohicans","Le dernier des Mohicans.avi",D:/Films
"Le géant de fer","Le géant de fer.mp4",D:/Films
"Le hérisson","Le hérisson.avi",D:/Films
"Le journal de Bridget Jones","Le journal de Bridget Jones.avi",D:/Films
"Le livre d'Eli","Le livre d'Eli.avi",D:/Films
"Le mariage de mon meilleur ami","Le mariage de mon meilleur ami.avi",D:/Films
"Le pacte","Le pacte.avi",D:/Films
"Le petit Nicolas","Le petit Nicolas.avi",D:/Films
"Le pic de dante","Le pic de dante.avi",D:/Films
"Le prince du Pacifique","Le prince du Pacifique.avi",D:/Films
"Le regne du feu","Le regne du feu.avi",D:/Films
"Le ruban blanc","Le ruban blanc.avi",D:/Films
"Le seigneur des anneaux I - La communaute de L'anneau - (Version Longue)","Le seigneur des anneaux I - La communaute de L'anneau - (Version Longue).avi",D:/Films
"Le seigneur des anneaux II - Les deux tours [CD1] - (Version Longue)","Le seigneur des anneaux II - Les deux tours [CD1] - (Version Longue).avi",D:/Films
"Le seigneur des anneaux II - Les deux tours [CD2] - (Version Longue)","Le seigneur des anneaux II - Les deux tours [CD2] - (Version Longue).avi",D:/Films
"Le siffleur","Le siffleur.avi",D:/Films
"Le voyage extraordinaire de Samy","Le voyage extraordinaire de Samy.avi",D:/Films
Legion,Legion.avi,D:/Films
Leon,Leon.avi,D:/Films
"Les 3 Mousquetaires","Les 3 Mousquetaires.avi",D:/Films
"Les Bronzés 1","Les Bronzés 1.avi",D:/Films
"Les Bronzés 2 - Font Du Ski","Les Bronzés 2 - Font Du Ski.avi",D:/Films
"Les Bronzés 3 - Amis Pour La Vie","Les Bronzés 3 - Amis Pour La Vie.avi",D:/Films
"Les Chroniques d'Erzebeth","Les Chroniques d'Erzebeth.avi",D:/Films
"Les Croods","Les Croods.avi",D:/Films
"Les Derniers Jours","Les Derniers Jours.avi",D:/Films
"Les Miller, une famille en herbe","Les Miller, une famille en herbe.mkv",D:/Films
"Les Petits Mouchoirs","Les Petits Mouchoirs.avi",D:/Films
"Les Pirates ! Bons à rien, Mauvais en tout","Les Pirates ! Bons à rien, Mauvais en tout.avi",D:/Films
"Les Poupees Russes","Les Poupees Russes.avi",D:/Films
"Les Schtroumpfs 2","Les Schtroumpfs 2.avi",D:/Films
"Les Schtroumpfs","Les Schtroumpfs.avi",D:/Films
"Les Sentiers de la Gloire","Les Sentiers de la Gloire.avi",D:/Films
"Les Sous-Doués passent le bac","Les Sous-Doués passent le bac.iso",D:/Films
"Les Stagiaires","Les Stagiaires.avi",D:/Films
"Les Vampires De Salem","Les Vampires De Salem.avi",D:/Films
"Les affranchis","Les affranchis.avi",D:/Films
"Les chèvres du Pentagone","Les chèvres du Pentagone.avi",D:/Films
"Les cinq Légendes","Les cinq Légendes.mkv",D:/Films
"Les gamins","Les gamins.avi",D:/Films
"Les indestructibles","Les indestructibles.avi",D:/Films
"Les mondes de Ralph","Les mondes de Ralph.avi",D:/Films
"Les noces funèbres","Les noces funèbres.avi",D:/Films
"Les profs","Les profs.avi",D:/Films
"Les rafteurs","Les rafteurs.avi",D:/Films
"Lilo et Stitch I","Lilo et Stitch I.avi",D:/Films
"Lilo et Stitch II","Lilo et Stitch II.avi",D:/Films
Limitless,Limitless.avi,D:/Films
Lincoln,Lincoln.avi,D:/Films
LoL,LoL.avi,D:/Films
"Lock Out","Lock Out.avi",D:/Films
Looper,Looper.avi,D:/Films
"Lost in translation","Lost in translation.avi",D:/Films
"Louis de Funes, Bourvil - Le Corniaud","Louis de Funes, Bourvil - Le Corniaud.avi",D:/Films
"Low Cost","Low Cost.avi",D:/Films
"Ma vie en l'air","Ma vie en l'air.avi",D:/Films
"Machete Kills","Machete Kills.mkv",D:/Films
Machete,Machete.avi,D:/Films
"Madagascar 2 - Escape to africa","Madagascar 2 - Escape to africa.avi",D:/Films
"Madagascar 3","Madagascar 3.avi",D:/Films
"Madame Doubtfire","Madame Doubtfire.avi",D:/Films
Malavita,Malavita.avi,D:/Films
"Maman j'ai raté l'avion","Maman j'ai raté l'avion.avi",D:/Films
"Maman je m'occupe des mechants","Maman je m'occupe des mechants.avi",D:/Films
"Maman je suis seul contre tous","Maman je suis seul contre tous.avi",D:/Films
"Maman, j'ai encore raté l'avion","Maman, j'ai encore raté l'avion.avi",D:/Films
"Man of Steel","Man of Steel.avi",D:/Films
"Mange, prie, aime","Mange, prie, aime.avi",D:/Films
"Marley and me","Marley and me.avi",D:/Films
"Mars Attacks","Mars Attacks.avi",D:/Films
"Mary à tout prix","Mary à tout prix.mkv",D:/Films
"Matrix 1 -  {HD 720p}","Matrix 1 -  {HD 720p}.avi",D:/Films
"Matrix 2 - Reloaded -  {HD 720p}","Matrix 2 - Reloaded -  {HD 720p}.avi",D:/Films
"Matrix 3 - Revolutions -  {HD 1080p}","Matrix 3 - Revolutions -  {HD 1080p}.mkv",D:/Films
"Mauvais esprit","Mauvais esprit.avi",D:/Films
"Megamind - {HD 720p}","Megamind - {HD 720p}.mkv",D:/Films
Memento,Memento.avi,D:/Films
"Men in Black 3","Men in Black 3.avi",D:/Films
"Merveilleuse Angélique - 2","Merveilleuse Angélique - 2.avi",D:/Films
"Mes Meilleures Amies","Mes Meilleures Amies.avi",D:/Films
"Mesrine 1 - L'enemi public n°1","Mesrine 1 - L'enemi public n°1.avi",D:/Films
"Mesrine 2 - L'instinct de mort","Mesrine 2 - L'instinct de mort.avi",D:/Films
"Micmacs à Tire Larigot","Micmacs à Tire Larigot.avi",D:/Films
"Million Dollar Baby","Million Dollar Baby.avi",D:/Films
"Minority Report -  {HD 720p}","Minority Report -  {HD 720p}.mkv",D:/Films
"Mission Impossible I -  {HD 720p}","Mission Impossible I -  {HD 720p}.avi",D:/Films
"Mission Impossible II -  {HD 720p}","Mission Impossible II -  {HD 720p}.avi",D:/Films
"Mission Impossible III -  {HD 720p}","Mission Impossible III -  {HD 720p}.avi",D:/Films
"Moi Moche et Méchant 2 - {HD 1080p}","Moi Moche et Méchant 2 - {HD 1080p}.mkv",D:/Films
"Moi, Moche et Méchant - {HD 1080p}","Moi, Moche et Méchant - {HD 1080p}.mkv",D:/Films
"Mon Pire Cauchemar","Mon Pire Cauchemar.avi",D:/Films
"Mon nom est Tsotsi","Mon nom est Tsotsi.avi",D:/Films
Mongol,Mongol.avi,D:/Films
"Monsters University","Monsters University.avi",D:/Films
Monsters,Monsters.avi,D:/Films
"Monstres & Compagnie  - {HD 1080p}","Monstres & Compagnie  - {HD 1080p}.mkv",D:/Films
"Monstres vs Aliens - {HD 1080p}","Monstres vs Aliens - {HD 1080p}.mkv",D:/Films
Moon,Moon.avi,D:/Films
"Movie 43","Movie 43.mkv",D:/Films
"Mr and Mrs Smith","Mr and Mrs Smith.avi",D:/Films
Mud,Mud.avi,D:/Films
Mulhollanddr,Mulhollanddr.avi,D:/Films
"My best friends girl","My best friends girl.avi",D:/Films
"Médieval pie","Médieval pie.avi",D:/Films
"Mémoire d'une Geisha","Mémoire d'une Geisha.avi",D:/Films
"12 Years of slave","12 Years of slave.mkv",D:/Films/News
"12 heures","12 heures.avi",D:/Films/News
"2 Guns","2 Guns.avi",D:/Films/News
"9 mois ferme","9 mois ferme.avi",D:/Films/News
"A Night At The Opera","A Night At The Opera.avi",D:/Films/News
"Alexandre Nevski","Alexandre Nevski.mkv",D:/Films/News
"Alexandre le Grand","Alexandre le Grand.avi",D:/Films/News
"Babylon, USA","Babylon, USA.avi",D:/Films/News
"Bad Lieutenant - Escale à la Nouvelle-Orléans","Bad Lieutenant - Escale à la Nouvelle-Orléans.avi",D:/Films/News
"Capitaine Alatriste","Capitaine Alatriste.avi",D:/Films/News
Carrie,Carrie.avi,D:/Films/News
Chinatown,Chinatown.avi,D:/Films/News
"Citizen Kane ","Citizen Kane .avi",D:/Films/News
"Citizen Kane ","Citizen Kane .srt",D:/Films/News
Control,Control.mkv,D:/Films/News
"Cul de Sac","Cul de Sac.avi",D:/Films/News
"Dallas Buyers Club","Dallas Buyers Club.avi",D:/Films/News
"Dingo et Max 2 Les Sportifs de L'Extreme","Dingo et Max 2 Les Sportifs de L'Extreme.avi",D:/Films/News
"Dingo et Max","Dingo et Max.avi",D:/Films/News
Dinosaure,Dinosaure.avi,D:/Films/News
"Docteur Folamour","Docteur Folamour.avi",D:/Films/News
"Dom Juan ou Le Festin de Pierre","Dom Juan ou Le Festin de Pierre.avi",D:/Films/News
"Du sang dans le desert","Du sang dans le desert.avi",D:/Films/News
"Escape Plan","Escape Plan.avi",D:/Films/News
"Exit Through the Gift Shop","Exit Through the Gift Shop.avi",D:/Films/News
"Exit Through the Gift Shop","Exit Through the Gift Shop.srt",D:/Films/News
"Extrêmement fort et incroyablement près","Extrêmement fort et incroyablement près.avi",D:/Films/News
Eyjafjallajokull,Eyjafjallajokull.avi,D:/Films/News
Fonzy,Fonzy.avi,D:/Films/News
"Gainsbourg vie héroique","Gainsbourg vie héroique.avi",D:/Films/News
Gerry,Gerry.avi,D:/Films/News
"Green Zone","Green Zone.avi",D:/Films/News
"Hannah et ses soeurs","Hannah et ses soeurs.avi",D:/Films/News
"Hannah et ses soeurs","Hannah et ses soeurs.srt",D:/Films/News
"Hunger Games - L'embrasement","Hunger Games - L'embrasement.mkv",D:/Films/News
"Intolérable Cruaute","Intolérable Cruaute.avi",D:/Films/News
"Ken Park","Ken Park.avi",D:/Films/News
"Killers kiss","Killers kiss.mkv",D:/Films/News
"L'Homme sans Age","L'Homme sans Age.avi",D:/Films/News
L'Illusionniste,L'Illusionniste.AVI,D:/Films/News
"La Ferme Se Rebelle","La Ferme Se Rebelle.avi",D:/Films/News
"La Grande Bouffe","La Grande Bouffe.avi",D:/Films/News
"La Liste de Schindler","La Liste de Schindler.avi",D:/Films/News
"La Neuvieme Porte","La Neuvieme Porte.avi",D:/Films/News
"La Nuit nous appartient [CD1]","La Nuit nous appartient [CD1].avi",D:/Films/News
"La Nuit nous appartient [CD2]","La Nuit nous appartient [CD2].avi",D:/Films/News
"La Reine des neiges","La Reine des neiges.mkv",D:/Films/News
"La Rose pourpre du Caire (Woody Allen)","La Rose pourpre du Caire (Woody Allen).avi",D:/Films/News
"La jeune fille et la mort","La jeune fille et la mort.avi",D:/Films/News
"La nuit des Forains","La nuit des Forains.mkv",D:/Films/News
"La stratégie Ender","La stratégie Ender.mkv",D:/Films/News
Ladykiller,Ladykiller.avi,D:/Films/News
"Last Passenger","Last Passenger.avi",D:/Films/News
LastDays,LastDays.avi,D:/Films/News
LastDays,LastDays.srt,D:/Films/News
"Le Grand Saut","Le Grand Saut.avi",D:/Films/News
"Le bal des Vampires","Le bal des Vampires.avi",D:/Films/News
"Le sortilege du scorpion de jade","Le sortilege du scorpion de jade.avi",D:/Films/News
"Les Innocents","Les Innocents.avi",D:/Films/News
"Les liaisons dangeureuses","Les liaisons dangeureuses.avi",D:/Films/News
"Lunes de fiel - Polanski.","Lunes de fiel - Polanski..avi",D:/Films/News
Manhattan,Manhattan.mkv,D:/Films/News
"Match Point - {Woody Allen}","Match Point - {Woody Allen}.avi",D:/Films/News
"Melinda et Melinda - {Woody Allen}","Melinda et Melinda - {Woody Allen}.avi",D:/Films/News
"Mensonges d'état [CD1]","Mensonges d'état [CD1].avi",D:/Films/News
"Mensonges d'état [CD2]","Mensonges d'état [CD2].avi",D:/Films/News
Metropolis,Metropolis.avi,D:/Films/News
"Night of the iguana","Night of the iguana.mkv",D:/Films/News
"Old Boy","Old Boy.avi",D:/Films/News
Rush,Rush.avi,D:/Films/News
"Shérif Jackson","Shérif Jackson.avi",D:/Films/News
"Spartacus {Kubrick}","Spartacus {Kubrick}.avi",D:/Films/News
"The Big Lebowski","The Big Lebowski.avi",D:/Films/News
"The Big Lebowski","The Big Lebowski.srt",D:/Films/News
"The Edukators (VOSTFR)","The Edukators (VOSTFR).avi",D:/Films/News
"The Right Kind of Wrong","The Right Kind of Wrong.mkv",D:/Films/News
"The Snow Queen, la reine des neiges","The Snow Queen, la reine des neiges.avi",D:/Films/News
"The Virgin Suicides","The Virgin Suicides.avi",D:/Films/News
"The Virgin Suicides","The Virgin Suicides.sub",D:/Films/News
"The Wedding Pact","The Wedding Pact.mkv",D:/Films/News
"The age of innocence","The age of innocence.avi",D:/Films/News
"The age of innocence","The age of innocence.srt",D:/Films/News
"The ghost writer","The ghost writer.avi",D:/Films/News
"Wall Street - l'argent ne dort jamais","Wall Street - l'argent ne dort jamais.avi",D:/Films/News
"Wall Street","Wall Street.avi",D:/Films/News
"When [CD1]","When [CD1].avi",D:/Films/News
"When [CD2]","When [CD2].avi",D:/Films/News
"1991 - Ombres et brouillard","1991 - Ombres et brouillard.avi","D:/Films/News/Woody Allen Intégrale Vol.5 1991-1995"
"1992 - Maris Et Femmes","1992 - Maris Et Femmes.avi","D:/Films/News/Woody Allen Intégrale Vol.5 1991-1995"
"1993 - Meurtre mysterieux a Manhattan","1993 - Meurtre mysterieux a Manhattan.avi","D:/Films/News/Woody Allen Intégrale Vol.5 1991-1995"
"1994 - Coups de feu sur Broadway","1994 - Coups de feu sur Broadway.avi","D:/Films/News/Woody Allen Intégrale Vol.5 1991-1995"
"1994 - Coups de feu sur Broadway","1994 - Coups de feu sur Broadway.srt","D:/Films/News/Woody Allen Intégrale Vol.5 1991-1995"
"1994 - Nuits De Chine","1994 - Nuits De Chine.avi","D:/Films/News/Woody Allen Intégrale Vol.5 1991-1995"
"1994 - Nuits De Chine","1994 - Nuits De Chine.srt","D:/Films/News/Woody Allen Intégrale Vol.5 1991-1995"
"1995 - Maudite Aphrodite","1995 - Maudite Aphrodite.avi","D:/Films/News/Woody Allen Intégrale Vol.5 1991-1995"
"Accord et désaccords - Woody Allen - 1999 - VoStFr","Accord et désaccords - Woody Allen - 1999 - VoStFr.avi","D:/Films/News/Woody Allen Intégrale Vol.5 1991-1995"
Thumbs,Thumbs.db,"D:/Films/News/Woody Allen Intégrale Vol.5 1991-1995"
"Whatever Works","Whatever Works.avi","D:/Films/News/Woody Allen Intégrale Vol.5 1991-1995"
"Woody Allen Intégrale Vol.5 1991-1995","Woody Allen Intégrale Vol.5 1991-1995.nfo","D:/Films/News/Woody Allen Intégrale Vol.5 1991-1995"
"les incorruptibles","les incorruptibles.avi",D:/Films/News
"Night And Day - {HD 1080p}","Night And Day - {HD 1080p}.mkv",D:/Films
"Night Watch","Night Watch.avi",D:/Films
"Nimitz retour vers l'enfer","Nimitz retour vers l'enfer.avi",D:/Films
Nine,Nine.avi,D:/Films
"Ninja assassin","Ninja assassin.avi",D:/Films
"Nos jours heureux","Nos jours heureux.avi",D:/Films
"Numéro 4 - {HD 1080p}","Numéro 4 - {HD 1080p}.mkv",D:/Films
"Numéro 9","Numéro 9.avi",D:/Films
O'Brother,O'Brother.avi,D:/Films
"OSS 117 Le Caire nid d'espions","OSS 117 Le Caire nid d'espions.avi",D:/Films
"OSS 117 Rio ne repond plus","OSS 117 Rio ne repond plus.avi",D:/Films
Oblivion,Oblivion.avi,D:/Films
"Ocean's 11","Ocean's 11.avi",D:/Films
"Ocean's 12","Ocean's 12.avi",D:/Films
"Ocean's 13","Ocean's 13.avi",D:/Films
"Omar m'a tué","Omar m'a tué.avi",D:/Films
"Ong Bak II","Ong Bak II.avi",D:/Films
"Ong bak I","Ong bak I.avi",D:/Films
"Operation Espadon","Operation Espadon.avi",D:/Films
"Oscar et la Dame Rose","Oscar et la Dame Rose.avi",D:/Films
"Pacific Rim","Pacific Rim.avi",D:/Films
Pandorum,Pandorum.avi,D:/Films
"Panic Room","Panic Room.avi",D:/Films
Parker,Parker.avi,D:/Films
"Pas très normales activites","Pas très normales activites.avi",D:/Films
Passion,Passion.avi,D:/Films
Paul,Paul.avi,D:/Films
Paulette,Paulette.avi,D:/Films
"Pearl Harbor - {HD 720p}","Pearl Harbor - {HD 720p}.avi",D:/Films
"Penthouse North","Penthouse North.avi",D:/Films
"Percy Jackson - La mer des monstres","Percy Jackson - La mer des monstres.avi",D:/Films
"Percy Jackson - le voleur de Foudre","Percy Jackson - le voleur de Foudre.avi",D:/Films
Phantom,Phantom.avi,D:/Films
"Phone Game","Phone Game.avi",D:/Films
Phénomènes,Phénomènes.avi,D:/Films
"Picsou et le Trésor de la Lampe Perdue","Picsou et le Trésor de la Lampe Perdue.avi",D:/Films
"Piranha 1","Piranha 1.avi",D:/Films
"Piranha 2","Piranha 2.avi",D:/Films
"Pirates des Caraïbes 1 - La malédiction du Black Pearl -  {HD 720p}","Pirates des Caraïbes 1 - La malédiction du Black Pearl -  {HD 720p}.avi",D:/Films
"Pirates des Caraïbes 2 - Le Coffre Maudit -  {HD 720p}","Pirates des Caraïbes 2 - Le Coffre Maudit -  {HD 720p}.avi",D:/Films
"Pirates des Caraïbes 3 - Jusqu'au Bout du Monde - {HD 1080p}","Pirates des Caraïbes 3 - Jusqu'au Bout du Monde - {HD 1080p}.mkv",D:/Films
"Pirates des Caraïbes 4 - La fontaine de Jouvence","Pirates des Caraïbes 4 - La fontaine de Jouvence.avi",D:/Films
"Pirhañas 3D","Pirhañas 3D.avi",D:/Films
"Plan de Table","Plan de Table.avi",D:/Films
Planes,Planes.avi,D:/Films
"Planet 51 [CD1]","Planet 51 [CD1].avi",D:/Films
"Planet 51 [CD2]","Planet 51 [CD2].avi",D:/Films
"Planete Terreur","Planete Terreur.mkv",D:/Films
"Planète Rouge","Planète Rouge.avi",D:/Films
Pocahontas,Pocahontas.avi,D:/Films
Polisse,Polisse.avi,D:/Films
Poséidon,Poséidon.avi,D:/Films
Predictions,Predictions.avi,D:/Films
Priest,Priest.avi,D:/Films
"Prince of Persia - {HD 720p}","Prince of Persia - {HD 720p}.mkv",D:/Films
"Projet X","Projet X.avi",D:/Films
Prometheus,Prometheus.avi,D:/Films
"Proposition Indécente","Proposition Indécente.avi",D:/Films
"Public Enemies -  {HD 720p}","Public Enemies -  {HD 720p}.mkv",D:/Films
"Pulp Fiction","Pulp Fiction.avi",D:/Films
Pusher,Pusher.avi,D:/Films
"Quantum pocalypse","Quantum pocalypse.avi",D:/Films
R.I.P.D,R.I.P.D.avi,D:/Films
RRRrrrr,RRRrrrr.avi,D:/Films
RTT,RTT.avi,D:/Films
"Raging Bul","Raging Bul.avi",D:/Films
Raiponce,Raiponce.avi,D:/Films
Rango,Rango.avi,D:/Films
"Rasta Rocket","Rasta Rocket.avi",D:/Films
"Ratatouille - {HD 720p}","Ratatouille - {HD 720p}.mkv",D:/Films
"Real Steel","Real Steel.avi",D:/Films
Rebelle,Rebelle.avi,D:/Films
"Red 2","Red 2.avi",D:/Films
"Red Eagle","Red Eagle.avi",D:/Films
Red,Red.avi,D:/Films
"Resident Evil 1 -  {HD 720p}","Resident Evil 1 -  {HD 720p}.mkv",D:/Films
"Resident Evil 2 - Apocalypse -  {HD 720p}","Resident Evil 2 - Apocalypse -  {HD 720p}.mkv",D:/Films
"Resident Evil 3 - Extinction -  {HD 720p}","Resident Evil 3 - Extinction -  {HD 720p}.mkv",D:/Films
"Resident Evil 4 - Afterlife - {HD 720p}","Resident Evil 4 - Afterlife - {HD 720p}.mkv",D:/Films
"Resident Evil 5 - Degeneration - {HD 720p}","Resident Evil 5 - Degeneration - {HD 720p}.mkv",D:/Films
"Rhum Express","Rhum Express.avi",D:/Films
Riddick,Riddick.mkv,D:/Films
"Rien à déclarer","Rien à déclarer.avi",D:/Films
Rio,Rio.avi,D:/Films
"Robin des Bois - {HD 720p}","Robin des Bois - {HD 720p}.mkv",D:/Films
RocknRolla,RocknRolla.avi,D:/Films
"Ronal le barbarre","Ronal le barbarre.avi",D:/Films
"Rush Hour 1","Rush Hour 1.avi",D:/Films
"Rush Hour 2","Rush Hour 2.avi",D:/Films
Rush.Hour.3,Rush.Hour.3.avi,D:/Films
Safari,Safari.avi,D:/Films
Safe,Safe.avi,D:/Films
"Salt - {HD 1080p}","Salt - {HD 1080p}.mkv",D:/Films
"Sans arme ni haine ni violence","Sans arme ni haine ni violence.avi",D:/Films
"Scary Movie 1","Scary Movie 1.avi",D:/Films
"Scary Movie 2","Scary Movie 2.avi",D:/Films
"Scary Movie 3","Scary Movie 3.avi",D:/Films
"Scary Movie 4","Scary Movie 4.avi",D:/Films
Scoop,Scoop.avi,D:/Films
Scorpion,Scorpion.avi,D:/Films
"Season of the Witch","Season of the Witch.mkv",D:/Films
"Sept vies","Sept vies.avi",D:/Films
"Seul au Monde","Seul au Monde.avi",D:/Films
"Sexy Devil","Sexy Devil.avi",D:/Films
"Shark Night","Shark Night.avi",D:/Films
"Shaun Of The Dead","Shaun Of The Dead.Avi",D:/Films
"Sherlock Holmes 2","Sherlock Holmes 2.avi",D:/Films
"Sherlock Holmes [CD1]","Sherlock Holmes [CD1].avi",D:/Films
"Sherlock Holmes [CD2]","Sherlock Holmes [CD2].avi",D:/Films
"Shoot Em Up","Shoot Em Up.avi",D:/Films
"Shooter - Tireur d'élite - {HD 1080p}","Shooter - Tireur d'élite - {HD 1080p}.mkv",D:/Films
Showtime,Showtime.avi,D:/Films
"Shrek 1 - {HD 1080p}","Shrek 1 - {HD 1080p}.mkv",D:/Films
"Shrek 2 - {HD 1080p}","Shrek 2 - {HD 1080p}.mkv",D:/Films
"Shrek 3 - {HD 1080p}","Shrek 3 - {HD 1080p}.mkv",D:/Films
"Shrek 4 - {HD 1080p}","Shrek 4 - {HD 1080p}.mkv",D:/Films
"Shutter Island - {HD 1080p}","Shutter Island - {HD 1080p}.mkv",D:/Films
Signes,Signes.avi,D:/Films
"Sin City - {HD 720p}","Sin City - {HD 720p}.avi",D:/Films
"Skate Or Die","Skate Or Die.avi",D:/Films
Skyline,Skyline.avi,D:/Films
"Sleepy Hollow","Sleepy Hollow.avi",D:/Films
Snatch,Snatch.avi,D:/Films
"Snipers tireurs d'élite","Snipers tireurs d'élite.avi",D:/Films
"Solomon Kane","Solomon Kane.avi",D:/Films
"Source Code","Source Code.avi",D:/Films
"Space Battleship","Space Battleship.avi",D:/Films
"Space Cowboy","Space Cowboy.avi",D:/Films
"Speed I","Speed I.avi",D:/Films
"Speed II","Speed II.avi",D:/Films
"Speed Racer -  {HD 1080p}","Speed Racer -  {HD 1080p}.mkv",D:/Films
"Spider-Man 2","Spider-Man 2.avi",D:/Films
"Spirit, l'étalon des plaines","Spirit, l'étalon des plaines.avi",D:/Films
"Spoof Movie","Spoof Movie.avi",D:/Films
"Star Trek Into Darkness","Star Trek Into Darkness.avi",D:/Films
"Star Wars - Episode I - La menace fantôme","Star Wars - Episode I - La menace fantôme.mkv",D:/Films
"Star Wars - Episode II - L'attaque des clones","Star Wars - Episode II - L'attaque des clones.mkv",D:/Films
"Star Wars - Episode III - La Revanche des Siths -  {HD 720p}","Star Wars - Episode III - La Revanche des Siths -  {HD 720p}.avi",D:/Films
"Star Wars - Episode IV - Un nouvel espoir","Star Wars - Episode IV - Un nouvel espoir.mkv",D:/Films
"Star Wars - Episode V - L'Empire Contre-Attaque -  {HD 720p}","Star Wars - Episode V - L'Empire Contre-Attaque -  {HD 720p}.mkv",D:/Films
"Star Wars - Episode VI - Le Retour du Jedi -  {HD 720p}","Star Wars - Episode VI - Le Retour du Jedi -  {HD 720p}.avi",D:/Films
Starbuck,Starbuck.avi,D:/Films
"Starship Troopers II","Starship Troopers II.avi",D:/Films
"Starship Troopers III","Starship Troopers III.avi",D:/Films
"Starship Troopers","Starship Troopers.avi",D:/Films
"Sucker Punch","Sucker Punch.avi",D:/Films
Sunshine,Sunshine.avi,D:/Films
"Super 8","Super 8.avi",D:/Films
Supercross,Supercross.avi,D:/Films
"Sur la Piste du Marsupilami","Sur la Piste du Marsupilami.avi",D:/Films
"Sweeney Todd","Sweeney Todd.avi",D:/Films
"Tad l'explorateur","Tad l'explorateur.avi",D:/Films
"Tais Toi","Tais Toi.mkv",D:/Films
Takers,Takers.avi,D:/Films
"Tarzan 2 - L 'Enfance D 'un Héros","Tarzan 2 - L 'Enfance D 'un Héros.avi",D:/Films
Tarzan,Tarzan.avi,D:/Films
Ted,Ted.avi,D:/Films
"Terminator I - Le Terminator - {HD 720p}","Terminator I - Le Terminator - {HD 720p}.mkv",D:/Films
"Terminator II - Le Jugement Dernier -  {HD 720p}","Terminator II - Le Jugement Dernier -  {HD 720p}.mkv",D:/Films
"Terminator III - Le Soulèvement des Machines -  {HD 720p}","Terminator III - Le Soulèvement des Machines -  {HD 720p}.mkv",D:/Films
"Terminator IV - Renaissance - {HD 1080p}","Terminator IV - Renaissance - {HD 1080p}.mkv",D:/Films
"Thank you for Smoking","Thank you for Smoking.avi",D:/Films
"The Artist","The Artist.avi",D:/Films
"The Avenger","The Avenger.avi",D:/Films
"The Colony","The Colony.avi",D:/Films
"The Dictator","The Dictator.avi",D:/Films
"The Dinosaur Project","The Dinosaur Project.avi",D:/Films
"The Doors","The Doors.avi",D:/Films
"The Expendables 2","The Expendables 2.avi",D:/Films
"The Expendables {HD 1080p}","The Expendables {HD 1080p}.mkv",D:/Films
"The Green Hornet","The Green Hornet.avi",D:/Films
"The Guard","The Guard.avi",D:/Films
"The Hunger Games [CD1]","The Hunger Games [CD1].avi",D:/Films
"The Hunger Games [CD2]","The Hunger Games [CD2].avi",D:/Films
"The Impossible","The Impossible.avi",D:/Films
"The Island","The Island.avi",D:/Films
"The Job","The Job.avi",D:/Films
"The Lovely Bones","The Lovely Bones.avi",D:/Films
"The Phantom","The Phantom.avi",D:/Films
"The Postman","The Postman.avi",D:/Films
"The Prodigies","The Prodigies.mkv",D:/Films
"The Shining","The Shining.avi",D:/Films
"The Social Network","The Social Network.avi",D:/Films
"The Spirit","The Spirit.avi",D:/Films
"The Tourist","The Tourist.avi",D:/Films
"The Tournament","The Tournament.avi",D:/Films
"The Troll Hunter","The Troll Hunter.avi",D:/Films
"The Truman Show","The Truman Show.avi",D:/Films
"The X Files I want to believe","The X Files I want to believe.avi",D:/Films
"The amazing Spider-Man [CD1]","The amazing Spider-Man [CD1].avi",D:/Films
"The amazing Spider-Man [CD2]","The amazing Spider-Man [CD2].avi",D:/Films
"The bad lieutenant","The bad lieutenant.avi",D:/Films
"The box","The box.avi",D:/Films
"The darkest hour","The darkest hour.avi",D:/Films
"The human centipede","The human centipede.avi",D:/Films
"The place beyond the pines","The place beyond the pines.avi",D:/Films
"The reef","The reef.avi",D:/Films
"The spy next door","The spy next door.avi",D:/Films
"Thor - Le Monde des ténèbres","Thor - Le Monde des ténèbres.mkv",D:/Films
Thor,Thor.avi,D:/Films
"Time out","Time out.avi",D:/Films
Tintin,Tintin.avi,D:/Films
"Titan AE -  {HD 720p}","Titan AE -  {HD 720p}.mkv",D:/Films
Titanic,Titanic.avi,D:/Films
"Titeuf - Le film","Titeuf - Le film.avi",D:/Films
"Tonerre sous les tropiques","Tonerre sous les tropiques.avi",D:/Films
"Total Recall","Total Recall.avi",D:/Films
"Toy Story 3 - {HD 720p}","Toy Story 3 - {HD 720p}.mkv",D:/Films
"Transformers 2 - La revanche","Transformers 2 - La revanche.avi",D:/Films
"Transformers 3 - Dark size of the Moon","Transformers 3 - Dark size of the Moon.mkv",D:/Films
Transformers,Transformers.avi,D:/Films
"Tron 2 - {HD 1080p}","Tron 2 - {HD 1080p}.mkv",D:/Films
"Tucker and Dale fight le mal","Tucker and Dale fight le mal.avi",D:/Films
Turbo,Turbo.mkv,D:/Films
"Twilight 1","Twilight 1.avi",D:/Films
"Twilight 2","Twilight 2.avi",D:/Films
"Twilight 3 Hesitation","Twilight 3 Hesitation.avi",D:/Films
"Twilight 4 Révélation 1ère partie","Twilight 4 Révélation 1ère partie.avi",D:/Films
U-571,U-571.avi,D:/Films
"Un Indien dans la ville","Un Indien dans la ville.mp4",D:/Films
"Un Monstre à Paris","Un Monstre à Paris.avi",D:/Films
"Un jour sans fin","Un jour sans fin.avi",D:/Films
"Un long dimanche de fiancailles [CD1]","Un long dimanche de fiancailles [CD1].avi",D:/Films
"Un long dimanche de fiancailles [CD2]","Un long dimanche de fiancailles [CD2].avi",D:/Films
"Un prophet","Un prophet.avi",D:/Films
"Un ticket pour l'espace","Un ticket pour l'espace.avi",D:/Films
"Under the bed","Under the bed.avi",D:/Films
"Underworld 1 - {HD 720p}","Underworld 1 - {HD 720p}.mkv",D:/Films
"Underworld 2 - {HD 720p}","Underworld 2 - {HD 720p}.mkv",D:/Films
"Underworld 3 - Rise of the Lycans","Underworld 3 - Rise of the Lycans.avi",D:/Films
"Underworld 4","Underworld 4.avi",D:/Films
"Une nuit en enfer","Une nuit en enfer.AVI",D:/Films
Unstoppable,Unstoppable.avi,D:/Films
"Usual suspects","Usual suspects.avi",D:/Films
"Valentine's Day","Valentine's Day.avi",D:/Films
"Van Helsing","Van Helsing.avi",D:/Films
"Very Bad Trip 2","Very Bad Trip 2.avi",D:/Films
"Very Bad Trip 3","Very Bad Trip 3.mp4",D:/Films
"Very Bad Trip","Very Bad Trip.avi",D:/Films
Vidocq,Vidocq.avi,D:/Films
Volcano,Volcano.avi,D:/Films
Voltage,Voltage.avi,D:/Films
Voyeur.Com,Voyeur.Com.avi,D:/Films
Wall-E,Wall-E.avi,D:/Films
Wasabi,Wasabi.avi,D:/Films
Watchmen,Watchmen.avi,D:/Films
WaterWorld,WaterWorld.avi,D:/Films
"White House Down","White House Down.avi",D:/Films
Whiteout,Whiteout.avi,D:/Films
"Wild Wild West","Wild Wild West.avi",D:/Films
"Will Hunting","Will Hunting.avi",D:/Films
Windtalkers,Windtalkers.avi,D:/Films
"Wolf Creek","Wolf Creek.avi",D:/Films
"Wolverine  le combat de l'immortel","Wolverine  le combat de l'immortel.avi",D:/Films
"World War Z","World War Z.mp4",D:/Films
"X-Men - Origins Wolverine","X-Men - Origins Wolverine.avi",D:/Films
"X-Men 1","X-Men 1.avi",D:/Films
"X-Men 2","X-Men 2.avi",D:/Films
"X-Men 3 - l'affrontement final","X-Men 3 - l'affrontement final.avi",D:/Films
"X-Men 5 - Le Commencement","X-Men 5 - Le Commencement.avi",D:/Films
"Y A T Il Enfin Un Pilote Dans L Avion - Francais - Divx","Y A T Il Enfin Un Pilote Dans L Avion - Francais - Divx.avi",D:/Films
"Y A-T-Il Un Pilote Dans L'Avion","Y A-T-Il Un Pilote Dans L'Avion.avi",D:/Films
"Year One","Year One.avi",D:/Films
"Yes Man","Yes Man.avi",D:/Films
"Zack et Miri tournent un porno","Zack et Miri tournent un porno.avi",D:/Films
Zombieland,Zombieland.avi,D:/Films
"[73407] U-571 (2000)","[73407] U-571 (2000).sub",D:/Films
"les barbouzes","les barbouzes.avi",D:/Films
